temu_id,title,price,image_url,product_url
601101055880093,"Local
Musical Blue LED Light Up Dinosaur Glowing Plush Animal Night Light Plush Toy Hug Soft Cute Gift For Kids Boys Girls Decoration Holiday Birthday Gift, Valentine'S Day Gift, Perfect Gift, 14in",13.11,https://img.kwcdn.com/product/fancy/9fc798dd-767e-4493-a353-cee09d39fa75.jpg?imageView2/2/w/500/q/70/format/webp,https://www.temu.com/musical-blue-led-light-up-dinosaur-glowing-plush-animal-night-light-plush-toy-hug-soft-cute-gift-for-kids-boys-girls-decoration-holiday-birthday-gift-valentines-day-gift-perfect-gift-14in-g-601101055880093.html
601099649991630,"Local
Baby Musical Mobile Crib with Soothing Music, Colorful Lights & Animal Projection, Interactive Take-Along Rattle & Lullaby Music Box – Multicolor Nursery Toy for Infant Sleep & Sensory Developme",14.37,https://img.kwcdn.com/product/fancy/2d72b3fe-6c67-44a3-b371-40e9510b372f.jpg?imageView2/2/w/500/q/70/format/webp,https://www.temu.com/baby-musical-mobile-crib-with-music-and-lights-projection--rattle-and-music-box-for-babies-boy-girl-toddler-sleep-g-601099649991630.html
601099683810260,"Local
18pcs Deluxe Baby Activity Gym Set - Comprehensive Development System For Movement, Cognition, And Sensory Exploration - Ideal Christmas Gift For Newborns And Toddlers, Boys And Girls",23.96,https://img.kwcdn.com/product/fancy/31fa7b72-6376-40ab-8e8b-f1d969698dc3.jpg?imageView2/2/w/500/q/70/format/webp,https://www.temu.com/18-piece--activity-gym-set--development-system-for-movement--and-sensory-exploration-ideal-christmas-gift-for-newborns-and-toddlers-boys-and-girls-g-601099683810260.html
601099820096443,"Local
Colorful Youngsters' Electronic Keyboard Toy - Multifunctional Musical Puzzle for Boys and Girls, Educational Plastic Toy with Star & Heart Buttons, Perfect Christmas, Halloween, Thanksgiving Gi",9.69,https://img.kwcdn.com/product/fancy/0fa85426-41cf-425c-b7ef-a77409dd48dc.jpg?imageView2/2/w/500/q/70/format/webp,https://www.temu.com/multifunctional-electronic-keyboard-toy-for--educational--for-boys-and-girls-ideal-christmas-halloween-thanksgiving-gift-battery-not-included-g-601099820096443.html
601099580830808,"Local
Attractive and educational piano keyboard toys, pre-loaded songs and lights for early learning and development",11.77,https://img.kwcdn.com/product/fancy/827463ca-57a8-487a-805e-9d53d2445105.jpg?imageView2/2/w/500/q/70/format/webp,https://www.temu.com/attractive-and-educational-piano-keyboard-toys-pre-loaded-songs-and-lights-for-early-learning-and-development-g-601099580830808.html
601099936208657,"Local
Green LED Light Up Dinosaur Tyrannosaurus Rex Glowing Plush Animal Night Light Plush Toy Hug Soft Cute Gift For Kids Boys Girls Decoration Holiday Birthday Gift",15.13,https://img.kwcdn.com/product/fancy/9920fffe-b35f-4e56-ae76-34c969c5dcd8.jpg?imageView2/2/w/500/q/70/format/webp,https://www.temu.com/-up-dinosaur--glowing-plush-animal-night-light-plush-toy-hug-soft-cute-gift-for-kids-boys-girls-decoration-holiday-birthday-gift-g-601099936208657.html
601099605046230,"Local
[6+ Months Musical Baby Toy] Musical Baby Toys Penguin | 6+ Months Tummy Time Toys With Music & Lights, Light Up Learning Toys, Dancing Crawling Baby Toy, Baby Easter Basket Stuffers Halloween C",13.91,https://img.kwcdn.com/product/fancy/fe2627b7-c447-493e-add1-dd6d23fbe78f.jpg?imageView2/2/w/500/q/70/format/webp,https://www.temu.com/baby-toys-penguin-infant-musical-toys-6-months-tummy-time-toys-with-music-lights-light-up-learning-toys-dancing-crawling-baby-toy-baby-easter-basket-stuffers-g-601099605046230.html
601099757583851,"Local
4-in-1 Youngsters's Game Mat Youngsters's Gym, used for floor activities, fitness ball pits, abdominal time mat, including game balls and 5 Youngsters's learning sensory Youngsters's toys, as a ",35.83,https://img.kwcdn.com/product/fancy/0881a862-5151-4c01-84be-0f3e63e5581f.jpg?imageView2/2/w/500/q/70/format/webp,https://www.temu.com/4-in-1-youngsterss-game-mat-youngsterss-gym-used-for-floor-activity-fitness-ball-pit-abdominal-time-mat-including--and-5-youngsterss-learning-sensory-youngsterss-toys-as--gift-holiday-gift-four-sided-fence-soft-crawl-mat-with-cushion-game-mat-crawl-mat-best-for--g-601099757583851.html
601101167361676,"Local
3 In 1 Sit To Stand Baby Walker With Music And Light, Push Toys For Toddlers 6 Mothes Above For Learning To Walk, Baby Walking Toys 6 To 12 Months For Infants Babies Toddlers Boys Girls",14.55,https://img.kwcdn.com/product/fancy/3f366693-f619-407c-af9a-8ffcc46b11d7.jpg?imageView2/2/w/500/q/70/format/webp,https://www.temu.com/3-in-1-sit-to-stand-baby-walker-with-music-and-light-push-toys-for-toddlers-6-mothes-above-for-learning-to--walking-toys-6-to-12-months-for-infants-babies-toddlers-boys-girls-g-601101167361676.html
601099685274187,"Local
Cute 12 Inch LED Light Panda Bear Plush - Hugging Stuffed Animals Toy Gift - Birthday, Christmas, Mother's Day, Xmas, Home Decor",6.02,https://img.kwcdn.com/product/fancy/92c79297-4fa6-476a-abab-e74470469a75.jpg?imageView2/2/w/500/q/70/format/webp,https://www.temu.com/12-inch-light-up-panda-stuffed-animals-cute-panda-bear-plush-with-led-light-hugging-toy-gift-for-kids-birthday-gift-for-boys-girls-christmas-gifts-home-decor-mothers-day-xmas-g-601099685274187.html
601099979108158,"Local
Blue LED Light-Up Dinosaur Plush Toy - 14 Inch Soft Huggable Night Light with Musical Notes & Hearts, Cute Kids Room Decor for Boys & Girls, Perfect Birthday Valentine's Holiday Gift",10.97,https://img.kwcdn.com/product/fancy/c53d6bd7-a404-4d28-9531-cc395a538cd2.jpg?imageView2/2/w/500/q/70/format/webp,https://www.temu.com/14--music-glow-dinosaur-plush-toy-soft-polyester-glowing--night-light-pillow-with-long-neck-perfect-birthday-gift-for---boys-girls-valentines-day-present-g-601099979108158.html
601100028947534,"Local
Interactive Youngsters' Activity Center Table - Multifunctional Early Learning & Music Toy with Colorful Buttons, Steering Wheel, Musical Notes & Educational Games - Cognitive Development Play T",10.96,https://img.kwcdn.com/product/fancy/dab75840-4b41-4501-9132-e1c8772d4063.jpg?imageView2/2/w/500/q/70/format/webp,https://www.temu.com/interactive--activity-center-table-multifunctional-early-learning-music-toy-with-colorful-buttons-steering-wheel-musical-notes-educational-games-cognitive-development-play-table-for----learning-toy---toy-durable-toy-material-kid-toys-g-601100028947534.html
601100823022368,"Local
18pcs Deluxe Baby Activity Gym Set - Comprehensive Development System for Movement, Cognition, And Sensory Exploration - Ideal Christmas Gift for Newborns And Toddlers, Boys And Girls",21.28,https://img.kwcdn.com/product/fancy/637626e3-c92f-4682-bc20-8adf3b4dfb97.jpg?imageView2/2/w/500/q/70/format/webp,https://www.temu.com/18pcs--activity-gym-set--development-system-for-movement--and-sensory-exploration-ideal-christmas-gift-for-newborns-and-toddlers-boys-and-girls-g-601100823022368.html
601100044036458,"Local
20-in-1 Youngsters Busy Board Cube Toys, Active Cube Toys for 1 2 Year Old Boys Girls Youngsters, Early Educational Sensory Toy for Youngsters 1-3, Travel Toys Gifts for 1 2 Year Old Boy Girl",21.98,https://img.kwcdn.com/product/fancy/63c8876c-ecc7-4336-82ab-2cc279445215.jpg?imageView2/2/w/500/q/70/format/webp,https://www.temu.com/21-in-1-activity-cube-for--colorful-early-learning-toy-with-musical-notes-numbers-shapes-perfect-gift-for-1-year-olds-easter-or-birthday-present-for-boys-girls--learning-toy--design-tactile-stimulation-g-601100044036458.html
601099974817231,"Local
Children'S Interactive Music Keyboard Toy - Early Learning Piano, With Rhythm Games And Songs, Suitable For Boys And Girls Christmas, Halloween, Thanksgiving Gifts",12.92,https://img.kwcdn.com/product/fancy/535545ee-652f-4db7-abf9-1e578ed6d0bb.jpg?imageView2/2/w/500/q/70/format/webp,https://www.temu.com/childrens-interactive-music-keyboard-toy-early-learning-piano-with-rhythm-games-and-songs-suitable-for-boys-and-girls-christmas-halloween-thanksgiving-gifts-g-601099974817231.html
601099810666888,"Local
Multifunctional Music Pedal Piano & Animal Sound Toy - Purple Interactive Learning Toy with Colorful Buttons, Animal Sounds & Musical Notes for Toddlers 1-5 Years - Educational Early Childhood D",10.45,https://img.kwcdn.com/product/fancy/d474547c-352a-43d9-8072-f339da8676b1.jpg?imageView2/2/w/500/q/70/format/webp,https://www.temu.com/multifunctional-music-pedal-piano--toy-purple--toy-with-colorful-buttons-s-musical-notes-for-toddlers-1-5-years-educational-early-childhood-development-toy-for-boys-girls-toddler-entertainment--design-g-601099810666888.html
601100060663727,"Local
[Musical Glowing Star Plush] Musical Glowing Purple Star Plush Toy | Soft Starlight Night Light, Melodic Plushie For Kids Bedrooms & Birthday Parties, Cute LED Stuffed Animal Gift For Children A",12.47,https://img.kwcdn.com/product/fancy/4a0e0084-a49c-478e-8ca7-64861cea4e5e.jpg?imageView2/2/w/500/q/70/format/webp,https://www.temu.com/1pc-creative-led-music-glow---glowing-plush-animal-toy-soothes-childrens-emotions-birthday-christmas-suitable-for-toddlers-children-purple-13-inch-g-601100060663727.html
601099608207003,"Local
[Talking Flash Cards] 160 Words Flybok Talking Flash Cards - Portable Word Card Machine for Classrooms - Learning for Youngsters Aged 1-4, Valentine's Day Gift, Christmas Birthday Gift",9.48,https://img.kwcdn.com/product/fancy/6856b3ab-e195-46a7-af5e-7efd3f7608a9.jpg?imageView2/2/w/500/q/70/format/webp,https://www.temu.com/1-3-3-4-talking-flash-cards-for-toddlers-1-3-year-old-learning-toys-autism----toys-with-160-words-christmas-birthday-gifts-ages-1-2-3-4-5-dinosaur-style-g-601099608207003.html
601099787916902,"Local
1pc Kids Battery-Powered Driving Steering Wheel Toy with Lights, Music, and Educational Features - Non-Rechargeable AA Battery Operated Activity Center for Ages 1-3, Safe Rounded Edges Plastic M",12.13,https://img.kwcdn.com/product/open/4664c376a0ce4663809eb8c6631ba930-goods.jpeg?imageView2/2/w/500/q/70/format/webp,https://www.temu.com/1pc-kids-battery-powered-driving-steering-wheel-toy-with-lights-music-and-educational-features-non-rechargeable-aa-battery-operated-activity-center--1-3-safe-rounded-edges-plastic-material-interactive-play-vehicle-for-boys-and-girls-g-601099787916902.html
601100041101610,"Local
54 In 1 Busy Board Montessori Toys For Toddler 1-3, Learning Toddler Toys For 1+ Year Old, Educational Fine Motor Baby Toys For 12 18 Months, Birthday Gift For 1 2 3 Years Old Boys Girls",21.14,https://img.kwcdn.com/product/fancy/e93c5afa-b0ea-4138-b47c-f97db7190f9e.jpg?imageView2/2/w/500/q/70/format/webp,https://www.temu.com/54-in-1-busy-board--toys-for-toddler-1-3-learning-toddler-toys-for-1-year-old-educational-fine-motor-baby-toys-for-12-18-months-birthday-gift-for-1-2-3-years-old-boys-girls-g-601100041101610.html
601100070607738,"Local
[Singing Teddy Bear] Interactive 13.5 Inch Teddy Bear | Electric Singing Music Plush Toy With Cupcake, Glowing Candle Birthday Gift For Kids Girls Boys Holiday",15.68,https://img.kwcdn.com/product/fancy/fd2d2da7-525d-4604-90f4-f4f77238a1eb.jpg?imageView2/2/w/500/q/70/format/webp,https://www.temu.com/birthday-teddy-bear-interactive-stuffed-animal-electric-singing-music-plush-toy-with-cupcake-glowing-candle-teddy-bear-gift-for-kids-girls-boys-birthday-holiday-13-5-inch-g-601100070607738.html
601099642214259,"Local
Spacious 3-In-1 Foldable Playhouse Tent - Portable, Easy to Assemble - Perfect Gift for Kids, Ocean Ball Pool Fence (Without Ball) Suitable for Both Indoor And Outdoor Use",17.27,https://img.kwcdn.com/product/fancy/d9959d3e-2b49-4608-9b16-cbf58f012260.jpg?imageView2/2/w/500/q/70/format/webp,https://www.temu.com/3-in-1-foldable-playhouse-tent--portable-and-easy-to-assemble-for-endless-indoor-fun-perfect-gift-for-kids-on-halloween-thanksgiving-and-christmas-g-601099642214259.html
601101288888096,"Local
1pc Giraffe & Koala Kids Playpen - Ocean Ball Indoor/Outdoor Parent-Child Game with Giraffe Design, Green Background, and Ball Pit Functionality, Indoor Playpen | Playful Design | Colorful Plays",10.91,https://img.kwcdn.com/product/fancy/940695e0-f597-4151-b0a3-a1bb17fc2e24.jpg?imageView2/2/w/500/q/70/format/webp,https://www.temu.com/1pc-giraffe--playpen--indoor-outdoor-parent-child-game-with--green-background-and-ball-pit-functionality-indoor-playpen--design-colorful-playset-giraffe-decor-g-601101288888096.html
601100989376055,"Local
Portable Baby Swing Baby Swing For Infants, Baby Swings For Newborn, Infant Swing, Timing, Baby Girl Swing For Babies 0-6 Months 6-20 Lbs Indoor/Outdoor Use As Hallowee & Christmas",39.35,https://img.kwcdn.com/product/fancy/93772744-18ad-4a86-88f6-2466b877dfb2.jpg?imageView2/2/w/500/q/70/format/webp,https://www.temu.com/portable-baby-swing-baby-swing-for-infants-baby-swings-for-newborn-infant-swing-timing-baby-girl-swing-for-babies-0-6-months-6-20-lbs-indoor-outdoor-use-as-hallowee-christmas-g-601100989376055.html
601100131489652,"Local
[Musical Unicorn Toy] Musical Glow Rainbow Unicorn Plush Toy | Enchanting Stuffed Animal With Melodic Tunes, Cuddly Playing Doll Companion For Kids, Birthday Gift & Bedroom Decor",15.31,https://img.kwcdn.com/product/fancy/e025a5e6-d2a2-46b5-a49a-a87f72c491c3.jpg?imageView2/2/w/500/q/70/format/webp,https://www.temu.com/musical-light-up-unicorn-stuffed-animal-soft-furry-plush-toy-with-led-night-lights-childrens-day-birthday-gifts-for-kids-toddler-girls-12-g-601100131489652.html
601099566947204,"Local
3in1 Youngsters Walker & Activity Center - Red, Music Panel, Sit to Stand, Learning to Walk for Girls 12+ Months",20.65,https://img.kwcdn.com/product/fancy/298bc7df-02f5-4eb6-bb22-c5bac4a32a5d.jpg?imageView2/2/w/500/q/70/format/webp,https://www.temu.com/baby-walker-for-infant-sit-to-stand-walker-3-in-1-baby-walker-toys-for-girls-and-boys-baby-activity-walker-for-learning-to-walk-g-601099566947204.html
601099813032769,"Local
Children's Press Small Car Boy Inertial Pull Back Car Educational Toys Fall Resistant",3.82,https://img.kwcdn.com/product/fancy/4ff59464-0218-4e80-8446-c75101d3d7cd.jpg?imageView2/2/w/500/q/70/format/webp,https://www.temu.com/-small-car-boy--pull-back-car-educational-toys-fall-resistant-g-601099813032769.html
601099862167789,"Local
[4 Sets Animal Car Toys] 4 Sets Push-to-go Inertia Animal Car Children's Toys | 1-3 Year-old Baby Toy Car, Suitable For Parent-child Interaction Exercise Baby Hand-eye Coordination, Birthday Eas",11.74,https://img.kwcdn.com/product/fancy/9ecae829-ab47-4158-a7cb-6e5bc13a7f6a.jpg?imageView2/2/w/500/q/70/format/webp,https://www.temu.com/an-animal-themed---toy-set-for-children-1-3-years-old-a-set-of--animal-cars-with-no-electricity-the-perfect-birthday-christmas-gift-g-601099862167789.html
601100084231824,"Local
Musical Glowing Blue Elephant Plush Toy, Happy Easter Soft Elephant Plush Toy Floppy LED Stuffed Animals Lullabies Nightlight Companion For Kids, Birthday Gift For Toddlers, Adorable Playing Dol",16.92,https://img.kwcdn.com/product/fancy/ade49edb-43b4-4035-9d12-e8e3d94df67a.jpg?imageView2/2/w/500/q/70/format/webp,https://www.temu.com/glowing--plush-toy-soft--floppy-led-stuffed-animals--nightlight-companion-for-kids-birthday-gift-for-toddlers-adorable-playing-doll-g-601100084231824.html
602649122438446,"Local
YOLAY Baby Push Walker, Sit to Stand Walker Wth Engaging Sounds & Detachable Play Center, Educational Learning Panel with Adjustable Speed for First Steps",20.46,https://img.kwcdn.com/local-goods-image/201a0daa2e5/6a7804a7-9346-411c-a25b-b0ca852e5929_4096x4096.jpeg.format.jpg?imageView2/2/w/500/q/70/format/webp,https://www.temu.com/-baby-push-walker-sit-to-stand-walker-wth--sounds-detachable---panel-with-adjustable-speed-for--g-602649122438446.html
601099618855744,"Local
Adorable Sanrio Plush Toy Collection - Hello Kitty, Kuromi, Cinnamoroll, Melody - Soft Polyester Stuffed Animals in White/Red/Green/Blue with Paw Prints - Perfect for Youngsters's Birthday & Fes",7.15,https://img.kwcdn.com/product/fancy/c7dfece9-8443-4231-8f0d-cc6b7f14fe88.jpg?imageView2/2/w/500/q/70/format/webp,https://www.temu.com/--cartoon-anime-figure---melody-plush-toy-doll-anime-kawaii-doll-pendant-collection-childrens-birthday-festival-gift-g-601099618855744.html
601101326410498,"Local
A Set Of Baby Cloth Swing, Baby Tike Swing With Breathable Cushion, Safety Belt, And Detachable Armrests, Baby Fitness Equipment, Suitable For Babies From 6 Months To 6 Years Old, Can Be Used In",23.26,https://img.kwcdn.com/product/fancy/c1a70fce-61b6-48ee-83da-580ad28a6d10.jpg?imageView2/2/w/500/q/70/format/webp,https://www.temu.com/a-set-of-baby-cloth-swing-baby--swing-with-breathable-cushion-safety-belt-and-detachable-armrests-baby-fitness-equipment-suitable-for-babies-from-6-months-to-6-years-old--used-indoors-and-outdoors-g-601101326410498.html
601100829048534,"Local
Music Playmat For Kids Interactive Piano Dance Floor With LED Lights, Non-Slip Educational Toy For Toddlers 1-3 Years, Parent-Child Bonding Gift Christmas Birthday Gift",12.82,https://img.kwcdn.com/product/fancy/aa8cccc4-b6d6-4e2a-98fa-c8d09fb7fc68.jpg?imageView2/2/w/500/q/70/format/webp,https://www.temu.com/music-playmat-for--piano-dance-floor-with-led-lights-non-slip-educational-toy-for-toddlers-1-3-years-parent-child-bonding-gift-christmas-birthday-gift-g-601100829048534.html
601101378157562,"Local
Puppy Ringing Toy - Hand-Crank Musical rattle with Bell, Develops Grip Strength & Hearing Skills, Learning Toy with Easy-Grip Ring, Birthday or Christmas Gift and (Yellow), Puppy Toy, Skill Deve",3.32,https://img.kwcdn.com/product/fancy/27cf9b51-36d4-46a8-b213-576b12e412be.jpg?imageView2/2/w/500/q/70/format/webp,https://www.temu.com/puppy-ringing-toy-hand-crank-musical-rattle--develops-grip-strength-hearing-skills-learning-toy-with--ring-birthday-or-christmas-gift-and-yellow-puppy-toy---design-safe-materials-cute-animal-design-nontoxic-material-playtime-g-601101378157562.html
601099814510192,"Local
Musical Toys For Toddlers 1 2 3 Year Old, Baby Toys Duck, Dancing Walking Duck Toy With Music And Lights, Kids' Musical Instruments, Light Up Learning Toys, Learning Toy For Baby Kids",13.31,https://img.kwcdn.com/product/open/34aaceb6f21d420082e6575654fc262c-goods.jpeg?imageView2/2/w/500/q/70/format/webp,https://www.temu.com/toys-duck-musical-toys-tummy-time-toys-with-music-lights-light-up-learning-toys-dancing-crawling-toy-easter-basket-stuffers-gifts-g-601099814510192.html
601099548756020,"Local
Baby Play Mat Baby Gym, Funny Play Piano Tummy Time Baby Activity Gym Mat With 5 Infant Learning Sensory Baby Toys, Music And Lights Boy & Girl Gifts For Newborn Baby 0 To 3 6 9 12 Months, As Ha",23.75,https://img.kwcdn.com/product/fancy/ecb6f22b-9dde-47ef-8170-a42837f96075.jpg?imageView2/2/w/500/q/70/format/webp,https://www.temu.com/baby-play-mat-baby-gym-funny-play-piano-tummy-time-baby-activity-gym-mat-with-5-infant-learning-sensory-baby-toys-music-and-lights-boy-girl-gifts-for-newborn-baby-0-to--12-months-g-601099548756020.html
601099871756813,"Local
Wooden Farm Intelligence Car, Preschool Learning Fine Motor Skills Games, Funny Educational Toys For Girls Boys, Christmas Birthday Gifts For Kids",12.09,https://img.kwcdn.com/product/fancy/cd2cbe74-1d3e-46ac-a5b2-6dc5dba07641.jpg?imageView2/2/w/500/q/70/format/webp,https://www.temu.com/wooden--car-preschool-learning-fine-motor-skills-games-funny-educational-toys-for-girls-boys-christmas-birthday-gifts-for-kids-g-601099871756813.html
601100941815091,"Local
Crawling Baby Toys, Infant Tummy Time Toys With Star Projector Music And Light, Elephant Interactive Sensory Toy For Baby, Early Developmental Toys For Boys Girls",14.11,https://img.kwcdn.com/product/fancy/2fc57daa-8477-4d73-9999-eda738fd925c.jpg?imageView2/2/w/500/q/70/format/webp,https://www.temu.com/crawling-baby-toys-infant-tummy-time-toys-with-star-projector-music-and-light-elephant-interactive-sensory-toy-for-baby-early-developmental-toys-for-boys-girls-g-601100941815091.html
601100140522849,"Local
2 In 1 Kids Xylophone Drum Set, 8 Colors Keyboard Piano, Montessori Toddler Preschool Educational Toys, Music Table Percussion Sensory Toys, Perfect Easter Party Gift For Girls Boys Babies.",10.27,https://img.kwcdn.com/product/fancy/704cdfa3-779d-4633-90a4-0a5e67851039.jpg?imageView2/2/w/500/q/70/format/webp,https://www.temu.com/2-in-1--drum-set-8-colors-keyboard-piano---educational-toys--percussion-sensory-toys-perfect-easter-party-gift-for-girls-boys-babies-g-601100140522849.html
601099663952594,"Local
Bubble Play Mat for Kids - 50 x 50 x 0.4 inches, softer crawling mat with dinosaur design, easy to clean, made of high-quality PE material, 100% non-toxic and, Safe Infant Play, Playful Baby Dec",19.84,https://img.kwcdn.com/product/open/2024-09-06/1725586017037-849b6a3784fb4bcc9c830e0fc83e31b6-goods.jpeg?imageView2/2/w/500/q/70/format/webp,https://www.temu.com/foam-baby-playmat-50-x-50-x-0-4-inches--crawling-mat-dinosaur-pattern-easy-to-clean-high-quality-pe-material-100-non-toxic-lead-free-thanksgiving-gift-christmas-gift-easter-gift-g-601099663952594.html
601099936256368,"Local
Glow-in-the-Dark Plush Bunny with Musical notes - 14"" Glow-in-the-Dark Stuffed Animal, Soft Rabbit Toy with Bedtime Companion for Kids Girls Boys, Birthday Easter Christmas Gifts - Safe Plush Ra",14.88,https://img.kwcdn.com/product/fancy/eed5dd80-1db6-4cf8-99b5-83f958097678.jpg?imageView2/2/w/500/q/70/format/webp,https://www.temu.com/14-inch-white-polyester-glow-music-plush-bunny-stuffed-animal-rabbit-toy-with-led-lights-and-soft-musical--interactive-bedtime-companion-for---gift-for--stuffed-plushies-g-601099936256368.html
601100832437666,"Local
Three Sets Of Colorful Cartoon Animal Spinning Tops with Suction Cups, Including Dinosaur, Lion, And Mushroom Patterns, Suitable for Bathtub, Living Room Tabletop, And Bathroom Games",4.46,https://img.kwcdn.com/product/open/3d53a765551a4cfca7eb49c643fa918c-goods.jpeg?imageView2/2/w/500/q/70/format/webp,https://www.temu.com/three-sets-of-colorful-cartoon-animal-spinning--with-suction-cups-including-dinosaur-lion-and-mushroom-patterns-suitable-for-bathtub-living-room-tabletop-and-bathroom-games-g-601100832437666.html
601101245906507,"Local
Electric Dancing Duck, Fun Blinking Flash, Cute Music Cartoon Animal Educational Toy, (battery Not Included) Halloween And Christmas Gift",9.36,https://img.kwcdn.com/product/fancy/bd33a5fb-f53d-452f-80ae-e7e671a384be.jpg?imageView2/2/w/500/q/70/format/webp,https://www.temu.com/electric-dancing-duck-fun-blinking-flash-cute-music-cartoon-animal-educational-toy-battery-not-included-halloween-and-christmas-gift-g-601101245906507.html
601099725805228,"Local
5-in-1 Wooden Learning Toy Set For Toddlers- Carrot Shape Sorting, Vegetables & Farm Animals Blocks - Perfect Gift For Boys & Girls, Enhances Fine Motor Skills, Ideal For Preschoolers & Christma",11.04,https://img.kwcdn.com/product/fancy/8164185f-17ba-4a3d-80a2-d6dd6fb9cf0c.jpg?imageView2/2/w/500/q/70/format/webp,https://www.temu.com/5-in-1-wooden-learning-toy-set-for-toddlers-carrot-shape-sorting-vegetables-farm-animals-blocks-perfect-gift-for-boys-girls-enhances-fine-motor-skills-ideal-for-preschoolers-christmas-g-601099725805228.html
601099674554988,"Local
Baby Play Mat Baby Gym, Funny Play Piano Tummy Time Baby Activity Mat with 5 Infant Sensory Baby Toys, Music and Lights Boy & Girl Gifts for Newborn Baby 0 to 3 6 9 12 Months pink & blue",23.48,https://img.kwcdn.com/product/fancy/630d76d7-1aa1-4720-9138-0f23ff83cd62.jpg?imageView2/2/w/500/q/70/format/webp,https://www.temu.com/interactive--play-mat-gym-with-musical-piano-5-sensory-toys-music-lights-for--0-12-months--washable-tummy-time-activity-mat-g-601099674554988.html
601100112249290,"Local
1pc Portable Youngsters Ball Pool with Side Cloth - Indoor/Outdoor Family Parent-Youngsters Interactive Playpen, Durable Black Playpen for Youngsters & Pets, Lightweight Easy Setup Ball Pit for ",8.95,https://img.kwcdn.com/product/fancy/83734edf-1ccf-4420-a5d8-813a26a4e9c8.jpg?imageView2/2/w/500/q/70/format/webp,https://www.temu.com/1pc-portable--ball-pool-with-side-cloth-indoor--parent--interactive-playpen--playpen-for--pets-lightweight-easy-setup-ball-pit-for-home-parties-camping-g-601100112249290.html
601101115592990,"Local
4pcs Baby Wrist Rattles Foot Finder Toys Set - Perfect Gift For Newborns, Infants & Toddlers!",6.36,https://img.kwcdn.com/product/Fancyalgo/VirtualModelMatting/c1158975390b9ebb600af2cff00737e0.jpg?imageView2/2/w/500/q/70/format/webp,https://www.temu.com/4pcs-baby-wrist-rattles--finder-toys-set-perfect-gift-for-newborns-infants-toddlers-g-601101115592990.html
601100211171569,"Local
Hedgehog Montessorri Learning Toy, Educational Counting Sorter Toy",4.33,https://img.kwcdn.com/product/fancy/69bb598b-d415-4398-8984-26d79712d7ce.jpg?imageView2/2/w/500/q/70/format/webp,https://www.temu.com/hedgehog-montessorri-learning-toy-educational-counting-sorter-toy-g-601100211171569.html
601099633025103,"Local
Playtime/Youngsters's Mirror Toy, Black and White High Contrast Desktop Installation Youngsters's Youngsters Toy 0 - 3 - 6 Months Brain Development, High Contrast Youngsters's Toy 0 - 3 - 6 Mont",11.54,https://img.kwcdn.com/product/fancy/abda2716-371a-4763-bb06-dd7f2c88f1c9.jpg?imageView2/2/w/500/q/70/format/webp,https://www.temu.com/tummy-time-baby-mirror-toys-black-and-white-high-contrast-tabletop-mount-baby-newborn-toys-0-3-6-months-brain-development-high-contrast--infant-toys-0-3-6-months-g-601099633025103.html
601100146332233,"Local
Baby Activity Center Fitness Rack Multi Kinetic Fence Baby Crawling Mat Game Blanket, Green Dinosaur Jungle Wildlife Pattern, Soft Pendant, Neonatal Enlightenment Game Gift, Christmas Halloween ",17.73,https://img.kwcdn.com/product/fancy/888eb3d0-5f38-430a-b62a-9e258b6806f1.jpg?imageView2/2/w/500/q/70/format/webp,https://www.temu.com/baby-activity--rack-multi-kinetic-fence-baby-crawling-mat-game-blanket-green-dinosaur-jungle-wildlife-pattern-soft-pendant--enlightenment-game-gift-christmas-halloween-birthday-gift-g-601100146332233.html
601099814622599,"Local
Interactive Crawling Crab Baby Toy - Auto Walk & Obstacle Detection, 10+ Musical Tunes & Lights Buttons For Sensory Play, Infant Toddler Learning Toy",13.09,https://img.kwcdn.com/product/open/33e0e9ee335248599eec3a2048450413-goods.jpeg?imageView2/2/w/500/q/70/format/webp,https://www.temu.com/crawling-crab-toy-tummy-time-toy-interactive-big-crab-toy-with--lights-buttons-dancing-crab-auto-avoiding-obstacles-gift-for-toddlers-g-601099814622599.html
601099639502890,"Local
Baby Toys 0-6 Months, Infant Musical Stuffed Animals Soft Toy With Bright Colors, Crinkle Sound Paper, Multi-Textures & Rattles, Newborn Toys For 0 6 12 Months Boy/Girls(Blue) Valentine'S Day, H",8.91,https://img.kwcdn.com/product/fancy/7ae80855-ec4c-4a73-af72-95cb68a39d2a.jpg?imageView2/2/w/500/q/70/format/webp,https://www.temu.com/baby-toys-0-6-months-infant-musical-stuffed-animals-soft-toy-with-bright-colors-crinkle--multi-textures-rattles-baby-newborn-toys-for-0--12-months-boy-girls-blue-g-601099639502890.html
601099923214792,"Local
Musical Glowing Easter Bunny Plush Toy(Without Battery), Cute And Soft Stuffed Animals Rabbit, Happy Mother'S Day Gift Birthday Gift, Soft Play Doll For Kid, Interior Decoration Ornament Plush T",15.69,https://img.kwcdn.com/product/fancy/eb8370e8-3b6b-40df-a81c-e44393714f25.jpg?imageView2/2/w/500/q/70/format/webp,https://www.temu.com/glowing--plush-toy-without-battery-cute-and-soft-stuffed-animals--thanksgiving-day-birthday-gift-soft-play-doll-for-kid-interior-decoration-ornament-plush-toy-g-601099923214792.html
601099953330153,"Local
Interactive Clown Fish Toy for Youngsters - Colorful Lights & Fun Music, Transparent Gear Design - Ideal Creative Gift for Birthdays, Christmas, Halloween, Thanksgiving - Orange with Yellow Fin",7.91,https://img.kwcdn.com/product/fancy/aec2c581-8498-4fa9-a675-272491e54e16.jpg?imageView2/2/w/500/q/70/format/webp,https://www.temu.com/interactive--toy-for--colorful-lights--transparent-gear-design-ideal-creative-gift-for-birthdays-christmas-halloween-thanksgiving---g-601099953330153.html
601099563847186,"Local
Kids Toy Tent Including Star Lights And Balloons, Boys And Girls Play Tent, Princess Theater, Indoor Pink Castle Fantasy Fairy Tale Tent, Birthday Holiday Gift, Safe Material",18.96,https://img.kwcdn.com/product/fancy/46f330ee-bd91-4db3-9806-75fb5c406b40.jpg?imageView2/2/w/500/q/70/format/webp,https://www.temu.com/kids-play-tent-for-girls-and-boys-princess-theater-pink-castle-fairytale-teepee-indoor-and-outdoor-birthday-gift--star-lights-and-balloons-g-601099563847186.html
601100952555017,"Local
Dinosaur Game Table Multi-functional Educational Toys for Youngsters Youngsters Toy Table Youngsters's Birthday And Christmas Presents.",18.67,https://img.kwcdn.com/product/fancy/2ef4cdb7-843e-4385-a501-fc2e6047f662.jpg?imageView2/2/w/500/q/70/format/webp,https://www.temu.com/dinosaur-game-table-multi-functional-educational-toys-for---toy-table-s-birthday-and-christmas-presents-g-601100952555017.html
601100099623430,"Local
Youngsters Toy, Dancing Duck Crawling Toy for Encourage Youngsters Walking & Moving, 360 Rotating Musical Tummy Time Duck Toys with Light & Music, Educational Birthday Gift for Youngsters Boys A",11.62,https://img.kwcdn.com/product/open/d58277a26d9148a38450fba8e3c9d157-goods.jpeg?imageView2/2/w/500/q/70/format/webp,https://www.temu.com/rechargeable-rotating-dancing-duck-toy-with-music-lights-interactive-educational-toy-for--708-66inch-promotes-sensory-development-motor-skills-perfect-birthday-gift-for-boys-and-girls-g-601100099623430.html
601101741772061,"Local
Baby Fence with 30 Ocean Balls, 51 Inches * 51 Inches, Gray, One Click Folding Design, Baby Crib, Portable And Lightweight, No Installation Required, Indoor And Outdoor Baby Fence",76.09,https://img.kwcdn.com/product/fancyalgo/toaster-api/toaster-processor-image-cm2in/c77e6d00-8ee5-11ef-ae74-0a580a661a02.jpg?imageView2/2/w/500/q/70/format/webp,https://www.temu.com/baby-fence-with-30-ocean-balls-51-inches-51-inches-gray-one-click-folding-design-baby-crib-portable-and-lightweight-no-installation-required-indoor-and--fence-g-601101741772061.html
601100050527805,"Local
Baby & Toddler Toys, Baby Activity Center 6 to 12-18 Month Old, Learning Musical Table Toys for 1 2 3 Year Old Boys Girls Gifts",18.94,https://img.kwcdn.com/product/fancy/bc3cf5dc-5c33-4f93-9f75-cfc192b668ca.jpg?imageView2/2/w/500/q/70/format/webp,https://www.temu.com/interactive--learning-music-activity-table-educational-toy-for--boys-girls-green-plastic-musical-center-with-colorful-buttons-whale-design-batteries-not-included-kid-toys-g-601100050527805.html
601100012451546,"Local
[3 In 1 Baby Stroller] 3 In 1 Baby Stroller Music Toy Learning Walker | Educational Baby Push Walkers With Entertainment Activity Center For 0-36 Months | Early Education Birthday Gift Christmas",30.5,https://img.kwcdn.com/product/fancy/0e673058-5b12-451f-820e-5467c6f681ca.jpg?imageView2/2/w/500/q/70/format/webp,https://www.temu.com/baby-stroller-3-in-1-music-toy-learning-walker-0-36-months-baby-walker-educational-baby-push--with-entertainment-activity-center-early-education-birthday-gift-christmas-gift-for-toddlers-g-601100012451546.html
601099660253995,"Local
Baby Play Mat, ABC Alphabet, Month, Weather, Week and Shapes Educational Learning Rug, Kids Rug for Playroom, Kids Play Rug Carpet for Bedroom Classroom, Toddler Baby Mat, Halloween Christmas Gi",13.55,https://img.kwcdn.com/product/open/2024-09-05/1725505929932-a1527d8e2b4940febc8c5b3cf7137aaf-goods.jpeg?imageView2/2/w/500/q/70/format/webp,https://www.temu.com/baby-play-mat-abc-alphabet-month-weather-week-and-shapes--rug-kids-rug-for-playroom-kids-play-rug-carpet-for-bedroom-classroom-toddler-baby-mat-halloween-christmas-gift-g-601099660253995.html
601099917096866,"Local
Glowing Blue Puppy Plush Toy, Happy Mother's Day Gift Cute And Soft Stuffed Animals, Birthday Valentine's Day Gift for Lover, Soft Play Doll for Kid, Interior Decoration Ornament Plush Toy",14.86,https://img.kwcdn.com/product/fancy/66ad80c3-a40a-40b2-bf3f-d84d21704097.jpg?imageView2/2/w/500/q/70/format/webp,https://www.temu.com/adorable-glowing--plush-toy-with-musical-notes-soft-cuddly-polyester-stuffed-animal-battery-free--christmas-thanksgiving-birthday-gifts--decor-cute-stuffed-animals-g-601099917096866.html
601101271932505,"Local
SYNCFUN Pound a Ball Toy for Toddler Track Learning Station with Hammer, Toy, Christmas and Birthday Gift for Boys & Girls Age18 months+",13.57,https://img.kwcdn.com/product/open/2d8705a7ebf241d2a606da9e525d650d-goods.jpeg?imageView2/2/w/500/q/70/format/webp,https://www.temu.com/--toy-for-toddlers-2-3-years-4-level-track-learning-station-with-hammer-5-colorful-balls-interactive-playset-fine-motor-skills-development-christmas-birthday-gift-for-boys-girls-toy-for-kid-toddler-skill-building--design-chubby--g-601101271932505.html
601099612997359,"Local
Transparent gear swinging fish electric toy, fun lighting and music, omnidirectional walking fish, suitable for children's creative birthday gift [excluding batteries]",8.61,https://img.kwcdn.com/product/fancy/74649726-e57f-4343-af1d-65fad0ae8812.jpg?imageView2/2/w/500/q/70/format/webp,https://www.temu.com/transparent-gear--fish-electric--lighting-and-music-omnidirectional-walking-fish-suitable-for-childrens-creative-birthday-gift-excluding-batteries-g-601099612997359.html
601100515780512,"Local
1pc/3pcsColorful Wind-Up Clownfish Toy For Youngsters Ages 3-6 - Durable ABS, Perfect For Bath Time & Outdoor Play, Available In Pink, Blue, Yellow - Ideal Halloween & Christmas Gift",3.94,https://img.kwcdn.com/product/fancy/6140d96f-0aee-4ef0-a2e9-e9764c45eda8.jpg?imageView2/2/w/500/q/70/format/webp,https://www.temu.com/1pc-3pcscolorful-wind-up-clownfish-toy-for--ages-3-6-durable-abs---outdoor-play--in--yellow-ideal-halloween-christmas-gift-g-601100515780512.html
601099706426640,"Local
Baby Play Mat Baby Gym, Funny Play Piano Tummy Time Baby Activity Mat with 5 Infant Sensory Baby Toys, Music And Lights Boy & Girl Gifts for Newborn Baby 0 to 3 6 9 12 Months (Pink & Blue)",23.32,https://img.kwcdn.com/product/fancy/a84b9c81-9418-4e08-98fc-2a6f2b4bcb70.jpg?imageView2/2/w/500/q/70/format/webp,https://www.temu.com/interactive--play-mat-gym-with-piano-tummy-time-activity-pad-5-sensory-toys-music-lights-perfect-gift-for-boys-girls-0-12-months-blue-g-601099706426640.html
601101106538458,"Local
Childlike Hand Cranked Bell, Suitable For 0-3 Year Old Babies, Soothing And Hearing Development Toys, Newborns, Thanksgiving Holiday Gifts",4.71,https://img.kwcdn.com/product/fancy/cd7799d8-d2b8-4898-a9f6-c8bdbed53181.jpg?imageView2/2/w/500/q/70/format/webp,https://www.temu.com/-hand-cranked-bell-suitable-for-0-3-year-old-babies-soothing-and-hearing-development-toys-newborns-thanksgiving-holiday-gifts-g-601101106538458.html
601099756971805,"Local
2-in-1 Youngsters Push Walker & Sit-to-Stand Learning Activity Center with Wheels, Interactive Buttons, Animal & Number Puzzles, Music, Durable PVC, Red/Blue – Educational Gift for Youngsters Bo",22.65,https://img.kwcdn.com/product/fancy/b5564b23-26c3-4f0a-a605-0934fe0c0c46.jpg?imageView2/2/w/500/q/70/format/webp,https://www.temu.com/2-in-1--walker-activity-center-sit-to--with-wheels-educational-toy-for--red-blue-pvc-material-g-601099756971805.html
601101451691154,"Local
Glow-in-the-Dark Blue Dinosaur Plush Toy with Music Notes - Soft Polyester Stuffed Animal, Ideal Birthday & Holiday Gift for Boys and Girls, Interactive Light-Up Dinosaur, Dinosaur Toys, Playful",18.79,https://img.kwcdn.com/product/fancy/105539f6-045b-4ae8-ac50-f2ff08626225.jpg?imageView2/2/w/500/q/70/format/webp,https://www.temu.com/glow-in-the-dark--plush-toy-with-music-notes-soft-polyester-stuffed-animal-ideal-birthday-holiday-gift-for-boys-and-girls-interactive-light-up-dinosaur-dinosaur-toys--design-interactive-play-g-601101451691154.html
601099574825941,"Local
Costway 4-in-1 Baby Walker Foldable Activity Push Walker Adjustable Height Blue",78.32,https://img.kwcdn.com/product/open/2024-05-07/1715066509466-9bbab2a625074c579353644f34481943-goods.jpeg?imageView2/2/w/500/q/70/format/webp,https://www.temu.com/-4-in-1-baby-walker-foldable-activity-push-walker-adjustable-height-blue-g-601099574825941.html
601099998992607,"Local
5-in-1 Youngsters Walker Sit-to-Stand Early Learning Walker for Youngsters, Youngsters Balance Bike/Push Walker/Activity Table/Detachable Panel with Music, for 12 Months+ Youngsters, Youngsters ",26.82,https://img.kwcdn.com/product/fancy/59a197aa-4bbf-4872-8f9f-339b5238a0f8.jpg?imageView2/2/w/500/q/70/format/webp,https://www.temu.com/5-in-1-s-walker-sitting-and-standing-early-learning-walker-suitable-for-0-1-2-3-years-old--s-balance-car-push-walker-activity-table-removable-panel-with-music-suitable-for-12-18-months--boys-and-girls-g-601099998992607.html
601099561742983,"Local
4-in-1 Sand & Water Play Table with Accessories - Outdoor/Indoor Sensory Activity Center for Youngsters, Durable Sandbox Toy with Shovels & Buckets, Green/Blue, Summer Educational Toys for Boys ",33.47,https://img.kwcdn.com/product/fancy/8a5c8484-ce88-4b31-b134-e075d52d37e3.jpg?imageView2/2/w/500/q/70/format/webp,https://www.temu.com/4-in-1-sand-water-table-sandbox-table-with-beach-sand-water-toy-kids-activity-sensory-play-table-summer-outdoor-toys-for-boys-girls-accessories-color-random-g-601099561742983.html
601099677773673,"Local
Cute Giraffe Can Sing And Learn to Talk Electric Stuffed Animal Funny Toy Birthday Gift Doll Decoration Halloween Christmas Easter Gift (no Batteries)",14.3,https://img.kwcdn.com/product/fancy/afef6f25-5869-49cf-86b8-983ecb1dd5fc.jpg?imageView2/2/w/500/q/70/format/webp,https://www.temu.com/cute-giraffe-can-sing-and-learn-to-talk-electric-stuffed-animal--birthday-gift-doll-decoration-halloween-christmas-easter-gift-no-batteries-g-601099677773673.html
601099970677958,"Local
Wooden Fishing Game for Kids - Interactive Parent-Child Tabletop Toy with Colorful Wooden Fish and Seahorses, Ideal for Boys and Girls, Perfect Birthday/Christmas/Party Gift, Interactive Game | ",8.05,https://img.kwcdn.com/product/fancy/9c6c6da5-0f85-4f1c-91c3-a951b5ca0681.jpg?imageView2/2/w/500/q/70/format/webp,https://www.temu.com/childrens-fishing-toys-wooden-tabletop-toys-for-parent-child--ideal--for-boys-and-girls-perfect--for-birthday-christmas-party-gifts-g-601099970677958.html
601099719336577,"Local
Baby Toys Musical Seahorse, Infant Stuffed Animal Toys With Crinkle And Rattles, Soft Sensory Toys With Textures For Tummy Time Newborn Boys Girls 0 3 6 12 Months",8.99,https://img.kwcdn.com/product/fancy/1759016e-ae57-428e-94a4-8e2f57da731f.jpg?imageView2/2/w/500/q/70/format/webp,https://www.temu.com/baby-toys-musical-seahorse-infant-stuffed-animal-toys-with-crinkle-and-rattles-soft-sensory-toys-with-textures-for-tummy-time-newborn-boys-girls-0-3-6-12-months-g-601099719336577.html
601100359049730,"Local
[Musical Busy Board] 54-in-1 Musical Busy Board Toy | Bilingual English & Spanish Early Learning Toy with Interactive Activities for Youngsters 1-3 - Educational Gift for Boys & Girls, White/Red",18.43,https://img.kwcdn.com/product/fancy/881ae702-1dc0-4294-8bb9-ec19c758932c.jpg?imageView2/2/w/500/q/70/format/webp,https://www.temu.com/54-in-1-musical-busy-board-toy-for--1-3-bilingual-english-spanish-early-learning-toy-with-interactive-activities-shapes-numbers-letters-educational-gift-for-boys-girls-white--powered--toy-g-601100359049730.html
601100271157173,"Local
Baby Play Mat Walker, Multifunctional Baby Activity Center With Kick And Play Piano Mat Gym For Baby 0-3-6-9-12 Months, Tummy Time Mat For Walker For Baby Girl Boy 6-12 Months As Christmas, Hall",23.72,https://img.kwcdn.com/product/fancy/e4097a25-dfc2-457b-83fd-3bdef831ce5e.jpg?imageView2/2/w/500/q/70/format/webp,https://www.temu.com/baby-play-mat-walker-multifunctional-baby-activity-center-with-kick-and-play-piano-mat-gym-for-baby-0--12-months-tummy-time-mat-for-walker-for-baby--6-12-months-as-christmas-halloween-thanksgiving-gift-blue-g-601100271157173.html
601099954585483,"Local
[Cute Animal | Educational] Portable Educational Cute Animal Early Learning Phone for Youngsters 0-3 Years | Music, Stories & Fun Icons | Pink/Blue/Yellow, Ideal Gift for Christmas & Halloween",3.78,https://img.kwcdn.com/product/fancy/ffa31637-a368-4620-a516-156f0ced5f4a.jpg?imageView2/2/w/500/q/70/format/webp,https://www.temu.com/interactive-early-learning-phone-for--0-3-years-pink-portable-educational-toy-with--and-fun-icons-ideal-christmas-halloween-gift-g-601099954585483.html
601100040266919,"Local
[Rainbow | Musical] 12"" Rainbow LED Musical Elephant Plush Toy | Soft Pastel Colors, Night Light & Singing Lullaby | Perfect Gift for Youngsters' Birthdays & Holidays, Nursery Toy, Colorful Elep",15.92,https://img.kwcdn.com/product/fancy/8db0c90f-746d-4182-bb72-7941e544d258.jpg?imageView2/2/w/500/q/70/format/webp,https://www.temu.com/12-rainbow-led-musical--with-night-light-singing--soft-pastel-colors-perfect-gift-for--birthdays-holidays-holiday-gift-plush-whimsical-plush-design-quality-plush-fabric-elephant-decor-g-601100040266919.html
601099706780718,"Local
Baby Walker Toy with Music & Anti-Rollover Safety - Multi-Function Toddler Learning Toy for Early Walking Development, Educational Baby Gear, Engaging Activity Center, Sturdy Push Handle",18.94,https://img.kwcdn.com/product/fancy/24b7c0da-7d6c-4d7e-a260-b6e9eb4b3e41.jpg?imageView2/2/w/500/q/70/format/webp,https://www.temu.com/sturdy--walker-for-boys-6-12-months--abs-material-with-parking-brake-push-walker-g-601099706780718.html
